fecha,producto,cantidad,precio_unitario
2025-01-01,AquaBotella,1,2499.0
2025-01-01,CaféMolido,2,1299.0
2025-01-01,MatePack,6,999.0
2025-01-01,Jugo,6,2199.0
2025-01-01,AquaBotella,5,1799.0
2025-01-01,AquaBotella,1,999.0
2025-01-01,MatePack,2,2199.0
2025-01-01,Yerba,1,2199.0
2025-01-01,MatePack,6,2499.0
2025-01-01,Jugo,5,1799.0
2025-01-01,MatePack,4,2199.0
2025-01-01,CaféMolido,7,999.0
2025-01-01,MatePack,6,1799.0
2025-01-01,CaféMolido,3,1299.0
2025-01-01,MatePack,7,1499.0
2025-01-01,AquaBotella,1,1799.0
2025-01-01,AquaBotella,3,1499.0
2025-01-01,Yerba,3,999.0
2025-01-02,Yerba,1,1799.0
2025-01-02,AquaBotella,5,1499.0
2025-01-02,Jugo,5,1499.0
2025-01-02,Yerba,2,2499.0
2025-01-02,AquaBotella,1,2499.0
2025-01-02,MatePack,7,1499.0
2025-01-02,AquaBotella,7,1299.0
2025-01-02,AquaBotella,4,1499.0
2025-01-02,Galletas,6,1499.0
2025-01-02,MatePack,3,1499.0
2025-01-02,MatePack,6,1499.0
2025-01-02,Jugo,6,2499.0
2025-01-02,AquaBotella,5,2499.0
2025-01-02,MatePack,5,2499.0
2025-01-02,MatePack,2,1799.0
2025-01-03,CaféMolido,6,2499.0
2025-01-03,Yerba,2,2499.0
2025-01-03,CaféMolido,7,999.0
2025-01-03,MatePack,7,999.0
2025-01-03,CaféMolido,4,1499.0
2025-01-03,AquaBotella,2,2199.0
2025-01-03,Jugo,3,1299.0
2025-01-03,Jugo,4,1799.0
2025-01-03,Jugo,4,1299.0
2025-01-03,CaféMolido,2,1299.0
2025-01-03,Jugo,5,2199.0
2025-01-03,CaféMolido,6,2199.0
2025-01-03,Galletas,5,1799.0
2025-01-03,CaféMolido,2,1299.0
2025-01-04,Galletas,1,999.0
2025-01-04,AquaBotella,2,2499.0
2025-01-04,MatePack,7,2499.0
2025-01-04,Galletas,5,999.0
2025-01-04,Galletas,4,2199.0
2025-01-04,Galletas,5,1499.0
2025-01-04,Yerba,7,999.0
2025-01-04,Jugo,6,999.0
2025-01-04,Jugo,5,1499.0
2025-01-04,Jugo,3,999.0
2025-01-04,CaféMolido,4,1299.0
2025-01-04,Galletas,1,2499.0
2025-01-04,Jugo,3,2199.0
2025-01-04,MatePack,5,999.0
2025-01-04,Jugo,3,2499.0
2025-01-04,Yerba,5,1299.0
2025-01-05,CaféMolido,7,1299.0
2025-01-05,Yerba,7,2199.0
2025-01-05,AquaBotella,5,1499.0
2025-01-05,Galletas,1,999.0
2025-01-05,CaféMolido,7,1499.0
2025-01-05,MatePack,1,1299.0
2025-01-05,Yerba,1,999.0
2025-01-05,Jugo,4,999.0
2025-01-05,Yerba,7,1299.0
2025-01-05,MatePack,6,1799.0
2025-01-06,MatePack,3,2199.0
2025-01-06,Yerba,4,1299.0
2025-01-06,Yerba,7,2499.0
2025-01-06,Jugo,2,2499.0
2025-01-06,CaféMolido,4,2499.0
2025-01-06,Jugo,3,1799.0
2025-01-06,Yerba,4,999.0
2025-01-06,MatePack,2,999.0
2025-01-06,CaféMolido,1,2199.0
2025-01-06,Yerba,2,2199.0
2025-01-06,MatePack,1,999.0
2025-01-06,Jugo,6,999.0
2025-01-06,MatePack,1,999.0
2025-01-06,CaféMolido,1,2199.0
2025-01-06,MatePack,3,2499.0
2025-01-06,Galletas,2,2199.0
2025-01-07,Jugo,5,2199.0
2025-01-07,Galletas,2,1799.0
2025-01-07,Galletas,2,999.0
2025-01-07,AquaBotella,6,1799.0
2025-01-07,CaféMolido,4,1799.0
2025-01-07,Galletas,7,2499.0
2025-01-07,AquaBotella,6,2499.0
2025-01-07,Jugo,1,999.0
2025-01-07,Galletas,6,1499.0
2025-01-07,AquaBotella,2,1299.0
2025-01-08,Yerba,4,1299.0
2025-01-08,Galletas,2,1499.0
2025-01-08,Galletas,2,999.0
2025-01-08,Galletas,7,2199.0
2025-01-08,AquaBotella,1,2499.0
2025-01-08,Yerba,7,999.0
2025-01-08,AquaBotella,7,1299.0
2025-01-08,MatePack,4,1799.0
2025-01-08,Galletas,2,1799.0
2025-01-08,AquaBotella,2,1799.0
2025-01-08,AquaBotella,4,1499.0
2025-01-09,CaféMolido,4,2499.0
2025-01-09,Jugo,7,2199.0
2025-01-09,Jugo,6,1799.0
2025-01-09,MatePack,2,1499.0
2025-01-09,MatePack,1,2199.0
2025-01-09,Jugo,5,999.0
2025-01-09,Jugo,3,999.0
2025-01-09,AquaBotella,5,1799.0
2025-01-09,Yerba,7,2199.0
2025-01-09,MatePack,1,2199.0
2025-01-09,AquaBotella,7,1299.0
2025-01-09,AquaBotella,5,999.0
2025-01-09,Jugo,7,1299.0
2025-01-09,Galletas,1,2199.0
2025-01-09,MatePack,5,2199.0
2025-01-10,Yerba,1,1799.0
2025-01-10,Jugo,5,2199.0
2025-01-10,Yerba,3,1499.0
2025-01-10,MatePack,6,2499.0
2025-01-10,CaféMolido,2,1499.0
2025-01-10,Galletas,2,2499.0
2025-01-10,Jugo,3,1799.0
2025-01-10,CaféMolido,7,999.0
2025-01-11,Galletas,5,2199.0
2025-01-11,AquaBotella,1,2199.0
2025-01-11,MatePack,5,1499.0
2025-01-11,MatePack,3,999.0
2025-01-11,MatePack,3,1499.0
2025-01-11,MatePack,4,2199.0
2025-01-11,Jugo,3,2199.0
2025-01-11,Jugo,5,999.0
2025-01-12,Yerba,3,2499.0
2025-01-12,AquaBotella,2,1499.0
2025-01-12,AquaBotella,1,2499.0
2025-01-12,Yerba,2,1499.0
2025-01-12,CaféMolido,5,1299.0
2025-01-12,Jugo,3,1299.0
2025-01-12,Jugo,6,1499.0
2025-01-12,Yerba,4,1499.0
2025-01-12,AquaBotella,1,2499.0
2025-01-12,Galletas,7,1499.0
2025-01-12,AquaBotella,1,1499.0
2025-01-12,MatePack,6,1499.0
2025-01-12,MatePack,6,1799.0
2025-01-12,Yerba,6,1799.0
2025-01-12,Yerba,1,999.0
2025-01-12,AquaBotella,6,1299.0
2025-01-12,Yerba,1,1499.0
2025-01-12,Yerba,5,1299.0
2025-01-13,MatePack,1,1499.0
2025-01-13,CaféMolido,7,999.0
2025-01-13,CaféMolido,2,2499.0
2025-01-13,MatePack,6,999.0
2025-01-13,CaféMolido,7,2199.0
2025-01-13,Galletas,5,2499.0
2025-01-13,MatePack,2,1299.0
2025-01-13,MatePack,4,999.0
2025-01-13,MatePack,6,1499.0
2025-01-13,Galletas,7,2499.0
2025-01-13,Jugo,7,1299.0
2025-01-13,CaféMolido,2,2499.0
2025-01-13,AquaBotella,4,999.0
2025-01-13,Galletas,2,1299.0
2025-01-14,CaféMolido,3,1299.0
2025-01-14,MatePack,1,2499.0
2025-01-14,MatePack,4,1499.0
2025-01-14,CaféMolido,7,999.0
2025-01-14,CaféMolido,3,2499.0
2025-01-14,Yerba,4,2499.0
2025-01-14,Yerba,3,999.0
2025-01-14,AquaBotella,3,1299.0
2025-01-14,Yerba,3,999.0
2025-01-14,AquaBotella,5,1799.0
2025-01-14,CaféMolido,6,1499.0
2025-01-14,Galletas,5,2199.0
2025-01-14,AquaBotella,4,2199.0
2025-01-14,MatePack,3,999.0
2025-01-14,Jugo,4,999.0
2025-01-15,Yerba,6,2499.0
2025-01-15,Jugo,6,2499.0
2025-01-15,MatePack,3,1799.0
2025-01-15,AquaBotella,6,1499.0
2025-01-15,Yerba,3,2499.0
2025-01-15,AquaBotella,6,1499.0
2025-01-15,Yerba,3,2499.0
2025-01-15,Galletas,3,1799.0
2025-01-15,Jugo,3,2199.0
2025-01-15,MatePack,2,1799.0
2025-01-15,Jugo,4,2499.0
2025-01-15,Jugo,2,2199.0
2025-01-15,Yerba,3,1799.0
2025-01-15,Yerba,7,999.0
2025-01-15,CaféMolido,3,1299.0
2025-01-15,Galletas,7,2199.0
2025-01-16,Jugo,3,1799.0
2025-01-16,Galletas,4,2499.0
2025-01-16,MatePack,5,1799.0
2025-01-16,Jugo,2,2499.0
2025-01-16,AquaBotella,3,2199.0
2025-01-16,Jugo,6,2199.0
2025-01-16,CaféMolido,1,1299.0
2025-01-16,Jugo,3,1299.0
2025-01-16,MatePack,2,999.0
2025-01-16,AquaBotella,2,1799.0
2025-01-16,Yerba,7,999.0
2025-01-16,Galletas,4,2499.0
2025-01-16,Yerba,2,2499.0
2025-01-16,Jugo,4,1799.0
2025-01-16,Galletas,2,1299.0
2025-01-16,Jugo,6,999.0
2025-01-16,AquaBotella,7,1799.0
2025-01-17,MatePack,7,2499.0
2025-01-17,Yerba,4,999.0
2025-01-17,Yerba,2,999.0
2025-01-17,Galletas,2,1799.0
2025-01-17,Jugo,5,2199.0
2025-01-17,Yerba,3,1799.0
2025-01-17,Yerba,7,2499.0
2025-01-17,Yerba,4,2199.0
2025-01-17,Galletas,2,2499.0
2025-01-17,Galletas,4,1499.0
2025-01-17,MatePack,7,2499.0
2025-01-18,Yerba,4,2499.0
2025-01-18,MatePack,3,1799.0
2025-01-18,AquaBotella,6,1499.0
2025-01-18,MatePack,3,1499.0
2025-01-18,CaféMolido,5,999.0
2025-01-18,MatePack,2,1299.0
2025-01-18,Galletas,6,1299.0
2025-01-18,Jugo,2,999.0
2025-01-18,Galletas,4,1499.0
2025-01-18,Yerba,4,1799.0
2025-01-18,AquaBotella,2,1799.0
2025-01-18,Galletas,7,2199.0
2025-01-19,Yerba,4,1799.0
2025-01-19,AquaBotella,3,1499.0
2025-01-19,Galletas,7,1799.0
2025-01-19,Yerba,6,2499.0
2025-01-19,Yerba,7,2199.0
2025-01-19,MatePack,4,1299.0
2025-01-19,CaféMolido,4,1799.0
2025-01-19,AquaBotella,4,1499.0
2025-01-20,Jugo,7,1799.0
2025-01-20,Jugo,2,1799.0
2025-01-20,MatePack,5,2199.0
2025-01-20,AquaBotella,4,2199.0
2025-01-20,Yerba,6,999.0
2025-01-20,AquaBotella,6,1799.0
2025-01-20,MatePack,7,1799.0
2025-01-20,MatePack,1,1499.0
2025-01-20,Galletas,3,1299.0
2025-01-20,Galletas,3,1499.0
2025-01-20,Galletas,3,1799.0
2025-01-20,CaféMolido,7,999.0
2025-01-20,Galletas,1,2499.0
2025-01-20,Yerba,1,1499.0
2025-01-20,MatePack,6,999.0
2025-01-20,Jugo,1,999.0
2025-01-20,MatePack,2,999.0
2025-01-20,Yerba,2,1299.0
2025-01-21,Galletas,6,999.0
2025-01-21,Yerba,2,1799.0
2025-01-21,Jugo,3,1499.0
2025-01-21,MatePack,5,2199.0
2025-01-21,Jugo,6,999.0
2025-01-21,MatePack,3,999.0
2025-01-21,Yerba,1,1499.0
2025-01-21,Yerba,6,1799.0
2025-01-21,Galletas,6,1299.0
2025-01-21,AquaBotella,5,2499.0
2025-01-22,MatePack,1,2499.0
2025-01-22,CaféMolido,7,2499.0
2025-01-22,Yerba,7,999.0
2025-01-22,Yerba,7,999.0
2025-01-22,CaféMolido,5,1799.0
2025-01-22,Jugo,3,999.0
2025-01-22,Yerba,6,1499.0
2025-01-22,AquaBotella,7,1799.0
2025-01-22,Galletas,1,1799.0
2025-01-22,CaféMolido,6,1799.0
2025-01-22,Jugo,2,1799.0
2025-01-22,MatePack,6,2199.0
2025-01-22,Jugo,3,2199.0
2025-01-22,Yerba,7,1799.0
2025-01-22,Galletas,4,2499.0
2025-01-22,Yerba,3,1499.0
2025-01-22,MatePack,7,999.0
2025-01-22,CaféMolido,4,1299.0
2025-01-23,Yerba,5,2499.0
2025-01-23,Galletas,3,999.0
2025-01-23,Galletas,7,1499.0
2025-01-23,MatePack,4,1299.0
2025-01-23,CaféMolido,7,1499.0
2025-01-23,CaféMolido,3,2199.0
2025-01-23,Jugo,3,2199.0
2025-01-23,AquaBotella,5,1299.0
2025-01-23,AquaBotella,2,2499.0
2025-01-23,Galletas,4,2199.0
2025-01-23,MatePack,6,1799.0
2025-01-23,Jugo,6,1799.0
2025-01-23,Galletas,7,999.0
2025-01-23,AquaBotella,3,1299.0
2025-01-23,Galletas,6,1299.0
2025-01-24,Jugo,5,1499.0
2025-01-24,Galletas,5,2199.0
2025-01-24,CaféMolido,4,2499.0
2025-01-24,Yerba,3,1499.0
2025-01-24,Jugo,4,1499.0
2025-01-24,CaféMolido,3,1299.0
2025-01-24,AquaBotella,6,1299.0
2025-01-24,CaféMolido,1,2499.0
2025-01-24,Yerba,7,2499.0
2025-01-24,MatePack,2,1299.0
2025-01-24,Jugo,4,1499.0
2025-01-24,Jugo,5,2199.0
2025-01-25,CaféMolido,1,1299.0
2025-01-25,CaféMolido,2,1499.0
2025-01-25,MatePack,3,999.0
2025-01-25,Jugo,5,1299.0
2025-01-25,CaféMolido,1,999.0
2025-01-25,Yerba,3,2499.0
2025-01-25,MatePack,6,1799.0
2025-01-25,AquaBotella,7,999.0
2025-01-25,Yerba,3,1799.0
2025-01-25,Galletas,4,1499.0
2025-01-25,MatePack,1,1499.0
2025-01-25,Galletas,1,999.0
2025-01-25,Galletas,4,999.0
2025-01-25,Yerba,6,2499.0
2025-01-25,AquaBotella,2,1299.0
2025-01-25,Yerba,3,999.0
2025-01-25,MatePack,1,2199.0
2025-01-26,Yerba,5,2199.0
2025-01-26,MatePack,7,2199.0
2025-01-26,Galletas,4,1799.0
2025-01-26,CaféMolido,7,2199.0
2025-01-26,Galletas,3,2199.0
2025-01-26,Yerba,1,2199.0
2025-01-26,Jugo,1,1299.0
2025-01-26,Jugo,2,1499.0
2025-01-26,Jugo,1,1299.0
2025-01-26,MatePack,2,2199.0
2025-01-26,AquaBotella,2,999.0
2025-01-26,Galletas,4,2499.0
2025-01-26,Yerba,4,1499.0
2025-01-26,AquaBotella,2,1499.0
2025-01-27,Jugo,7,1799.0
2025-01-27,AquaBotella,6,1299.0
2025-01-27,CaféMolido,7,2499.0
2025-01-27,Yerba,6,1299.0
2025-01-27,Galletas,1,2199.0
2025-01-27,MatePack,6,1299.0
2025-01-27,CaféMolido,7,1299.0
2025-01-27,AquaBotella,1,1299.0
2025-01-27,CaféMolido,5,2499.0
2025-01-27,Yerba,3,1799.0
2025-01-27,AquaBotella,4,2499.0
2025-01-27,CaféMolido,6,1799.0
2025-01-28,Yerba,5,1799.0
2025-01-28,Galletas,1,2199.0
2025-01-28,AquaBotella,4,2499.0
2025-01-28,CaféMolido,5,1499.0
2025-01-28,AquaBotella,1,1299.0
2025-01-28,Jugo,7,2199.0
2025-01-28,Yerba,1,2499.0
2025-01-28,CaféMolido,5,999.0
2025-01-28,MatePack,4,2199.0
2025-01-28,Jugo,4,1499.0
2025-01-28,MatePack,5,1799.0
2025-01-28,Jugo,7,1799.0
2025-01-29,Galletas,3,1799.0
2025-01-29,CaféMolido,3,2499.0
2025-01-29,AquaBotella,7,1299.0
2025-01-29,CaféMolido,4,2499.0
2025-01-29,Galletas,3,2499.0
2025-01-29,Galletas,7,2199.0
2025-01-29,AquaBotella,4,999.0
2025-01-29,CaféMolido,3,1499.0
2025-01-29,AquaBotella,7,1799.0
2025-01-30,AquaBotella,6,2199.0
2025-01-30,Galletas,4,999.0
2025-01-30,MatePack,5,1499.0
2025-01-30,Yerba,7,1799.0
2025-01-30,Jugo,4,999.0
2025-01-30,MatePack,3,2199.0
2025-01-30,MatePack,3,1799.0
2025-01-30,Jugo,4,999.0
2025-01-30,AquaBotella,6,2199.0
2025-01-30,MatePack,6,1299.0
2025-01-30,CaféMolido,5,999.0
2025-01-30,Yerba,4,999.0
2025-01-30,MatePack,7,999.0
2025-01-30,Galletas,1,2499.0
2025-01-30,MatePack,4,2499.0
2025-01-30,CaféMolido,5,2499.0
2025-01-31,Galletas,7,1799.0
2025-01-31,Galletas,2,1799.0
2025-01-31,Yerba,2,1799.0
2025-01-31,MatePack,5,2199.0
2025-01-31,Jugo,2,999.0
2025-01-31,CaféMolido,7,1799.0
2025-01-31,CaféMolido,7,2199.0
2025-01-31,CaféMolido,7,999.0
2025-01-31,CaféMolido,6,1499.0
2025-01-31,Yerba,5,2499.0
2025-01-31,Galletas,7,1299.0
2025-01-31,Galletas,5,1799.0
2025-02-01,CaféMolido,5,2199.0
2025-02-01,Galletas,4,1499.0
2025-02-01,MatePack,6,1299.0
2025-02-01,Yerba,4,1299.0
2025-02-01,Galletas,1,1499.0
2025-02-01,Jugo,4,2499.0
2025-02-01,Galletas,4,2499.0
2025-02-01,Jugo,2,1799.0
2025-02-01,AquaBotella,2,2199.0
2025-02-01,Yerba,3,999.0
2025-02-01,Galletas,1,2199.0
2025-02-01,Galletas,1,2499.0
2025-02-01,MatePack,4,2499.0
2025-02-02,AquaBotella,4,1499.0
2025-02-02,CaféMolido,5,2499.0
2025-02-02,Galletas,6,999.0
2025-02-02,CaféMolido,7,2499.0
2025-02-02,Yerba,4,1499.0
2025-02-02,Jugo,6,1799.0
2025-02-02,Yerba,1,2199.0
2025-02-02,AquaBotella,2,2499.0
2025-02-02,Jugo,3,1299.0
2025-02-02,Jugo,1,1799.0
2025-02-03,Jugo,6,999.0
2025-02-03,Galletas,2,2499.0
2025-02-03,CaféMolido,1,999.0
2025-02-03,CaféMolido,7,999.0
2025-02-03,CaféMolido,3,1499.0
2025-02-03,Galletas,2,1299.0
2025-02-03,Yerba,4,2199.0
2025-02-03,Jugo,7,1299.0
2025-02-03,MatePack,2,999.0
2025-02-04,Galletas,5,2499.0
2025-02-04,MatePack,4,2199.0
2025-02-04,MatePack,2,1799.0
2025-02-04,Jugo,3,1799.0
2025-02-04,CaféMolido,6,999.0
2025-02-04,Galletas,3,2499.0
2025-02-04,Yerba,2,999.0
2025-02-04,Galletas,3,2199.0
2025-02-04,CaféMolido,6,1799.0
2025-02-04,Jugo,3,1799.0
2025-02-04,CaféMolido,2,1799.0
2025-02-04,Galletas,1,1299.0
2025-02-04,Galletas,5,1499.0
2025-02-04,Yerba,3,2499.0
2025-02-04,CaféMolido,1,2499.0
2025-02-04,Galletas,3,999.0
2025-02-04,Yerba,7,2499.0
2025-02-05,Yerba,6,1799.0
2025-02-05,CaféMolido,7,1299.0
2025-02-05,Yerba,7,1499.0
2025-02-05,MatePack,6,1299.0
2025-02-05,Yerba,3,2499.0
2025-02-05,Jugo,7,2499.0
2025-02-05,Jugo,7,1299.0
2025-02-05,Jugo,1,2499.0
2025-02-06,AquaBotella,3,1799.0
2025-02-06,AquaBotella,5,1499.0
2025-02-06,Jugo,2,999.0
2025-02-06,CaféMolido,3,2499.0
2025-02-06,Galletas,2,1299.0
2025-02-06,MatePack,7,2199.0
2025-02-06,CaféMolido,5,2199.0
2025-02-06,CaféMolido,7,1299.0
2025-02-06,CaféMolido,7,1799.0
2025-02-06,CaféMolido,6,1499.0
2025-02-06,AquaBotella,4,999.0
2025-02-06,MatePack,7,1299.0
2025-02-06,Jugo,6,2499.0
2025-02-06,Galletas,7,2199.0
2025-02-06,CaféMolido,1,1799.0
2025-02-06,AquaBotella,3,2199.0
2025-02-06,AquaBotella,4,1499.0
2025-02-06,Jugo,6,2499.0
2025-02-07,Yerba,4,2499.0
2025-02-07,CaféMolido,1,2499.0
2025-02-07,MatePack,4,999.0
2025-02-07,Yerba,5,1499.0
2025-02-07,Yerba,2,2499.0
2025-02-07,AquaBotella,6,1799.0
2025-02-07,Jugo,3,2499.0
2025-02-07,Galletas,1,1299.0
2025-02-07,AquaBotella,1,1499.0
2025-02-07,Galletas,1,999.0
2025-02-07,MatePack,5,1299.0
2025-02-07,Galletas,4,1499.0
2025-02-08,Jugo,6,2199.0
2025-02-08,Galletas,5,2499.0
2025-02-08,Jugo,2,1799.0
2025-02-08,Jugo,1,1799.0
2025-02-08,Yerba,4,1499.0
2025-02-08,AquaBotella,6,1499.0
2025-02-08,MatePack,4,1799.0
2025-02-08,MatePack,7,1499.0
2025-02-08,AquaBotella,6,1499.0
2025-02-08,Yerba,6,1499.0
2025-02-08,AquaBotella,4,1499.0
2025-02-08,MatePack,1,1799.0
2025-02-08,AquaBotella,6,1299.0
2025-02-08,Jugo,6,2199.0
2025-02-08,AquaBotella,1,1499.0
2025-02-08,MatePack,2,2199.0
2025-02-08,MatePack,1,2199.0
2025-02-08,MatePack,5,1299.0
2025-02-09,CaféMolido,7,1299.0
2025-02-09,Yerba,1,1499.0
2025-02-09,MatePack,2,2199.0
2025-02-09,CaféMolido,7,1299.0
2025-02-09,AquaBotella,6,999.0
2025-02-09,MatePack,1,1499.0
2025-02-09,MatePack,5,1499.0
2025-02-09,AquaBotella,2,1499.0
2025-02-09,AquaBotella,2,2499.0
2025-02-09,Galletas,5,999.0
2025-02-09,Jugo,1,1799.0
2025-02-10,CaféMolido,5,2199.0
2025-02-10,AquaBotella,4,2199.0
2025-02-10,MatePack,5,999.0
2025-02-10,Jugo,7,2499.0
2025-02-10,Yerba,3,1799.0
2025-02-10,Jugo,1,999.0
2025-02-10,Galletas,7,1799.0
2025-02-10,Galletas,6,999.0
2025-02-10,Galletas,6,1799.0
2025-02-10,AquaBotella,1,1499.0
2025-02-10,Yerba,2,999.0
2025-02-10,MatePack,3,2199.0
2025-02-10,Jugo,5,2199.0
2025-02-10,Jugo,3,1799.0
2025-02-10,Yerba,5,1499.0
2025-02-11,Yerba,5,1799.0
2025-02-11,AquaBotella,7,2499.0
2025-02-11,AquaBotella,7,2499.0
2025-02-11,Jugo,7,2199.0
2025-02-11,Jugo,7,1299.0
2025-02-11,Galletas,4,1299.0
2025-02-11,Galletas,3,1799.0
2025-02-11,Galletas,4,2499.0
2025-02-11,AquaBotella,3,1799.0
2025-02-11,CaféMolido,6,1499.0
2025-02-11,CaféMolido,2,2499.0
2025-02-11,Galletas,1,999.0
2025-02-11,AquaBotella,1,1799.0
2025-02-11,AquaBotella,6,2499.0
2025-02-11,CaféMolido,7,1299.0
2025-02-12,AquaBotella,5,2199.0
2025-02-12,Yerba,3,2499.0
2025-02-12,AquaBotella,4,1499.0
2025-02-12,Jugo,7,1799.0
2025-02-12,Jugo,1,1499.0
2025-02-12,Yerba,3,1499.0
2025-02-12,AquaBotella,5,2199.0
2025-02-12,MatePack,2,2499.0
2025-02-12,Galletas,2,999.0
2025-02-12,CaféMolido,7,2199.0
2025-02-12,CaféMolido,1,1499.0
2025-02-12,Yerba,2,1799.0
2025-02-12,Yerba,7,2199.0
2025-02-12,Yerba,6,2499.0
2025-02-12,Yerba,1,2199.0
2025-02-12,Jugo,7,2499.0
2025-02-13,AquaBotella,2,1499.0
2025-02-13,Jugo,7,1499.0
2025-02-13,CaféMolido,3,999.0
2025-02-13,MatePack,7,1299.0
2025-02-13,Yerba,6,1799.0
2025-02-13,AquaBotella,2,2499.0
2025-02-13,Jugo,1,999.0
2025-02-13,Jugo,5,1299.0
2025-02-13,Galletas,4,1799.0
2025-02-13,CaféMolido,2,1499.0
2025-02-13,CaféMolido,6,1499.0
2025-02-13,Yerba,5,999.0
2025-02-14,MatePack,2,2199.0
2025-02-14,AquaBotella,6,999.0
2025-02-14,CaféMolido,4,2499.0
2025-02-14,Galletas,4,2199.0
2025-02-14,Galletas,4,1499.0
2025-02-14,MatePack,7,2199.0
2025-02-14,AquaBotella,3,1799.0
2025-02-14,AquaBotella,3,2499.0
2025-02-15,Yerba,4,2199.0
2025-02-15,Jugo,3,999.0
2025-02-15,MatePack,4,2199.0
2025-02-15,AquaBotella,1,1299.0
2025-02-15,CaféMolido,2,1299.0
2025-02-15,CaféMolido,3,1499.0
2025-02-15,AquaBotella,1,1799.0
2025-02-15,Jugo,4,1299.0
2025-02-15,MatePack,4,2199.0
2025-02-15,Jugo,2,2199.0
2025-02-15,Yerba,7,2499.0
2025-02-15,CaféMolido,1,1799.0
2025-02-15,Jugo,1,1799.0
2025-02-15,AquaBotella,4,999.0
2025-02-15,CaféMolido,5,1799.0
2025-02-15,Yerba,4,2499.0
2025-02-15,Jugo,4,1499.0
2025-02-15,AquaBotella,4,999.0
2025-02-16,MatePack,7,2199.0
2025-02-16,Galletas,7,2499.0
2025-02-16,CaféMolido,1,1799.0
2025-02-16,AquaBotella,2,1799.0
2025-02-16,Yerba,4,2199.0
2025-02-16,AquaBotella,4,1499.0
2025-02-16,Jugo,3,1299.0
2025-02-16,CaféMolido,7,1299.0
2025-02-16,AquaBotella,5,2499.0
2025-02-16,AquaBotella,5,2199.0
2025-02-16,MatePack,7,1499.0
2025-02-16,CaféMolido,6,2499.0
2025-02-16,MatePack,2,999.0
2025-02-17,CaféMolido,2,1299.0
2025-02-17,Yerba,2,2499.0
2025-02-17,AquaBotella,2,2499.0
2025-02-17,Galletas,4,2199.0
2025-02-17,Yerba,4,2499.0
2025-02-17,Yerba,6,2499.0
2025-02-17,Yerba,3,2499.0
2025-02-17,CaféMolido,2,1799.0
2025-02-17,AquaBotella,4,1799.0
2025-02-17,Jugo,3,1499.0
2025-02-18,AquaBotella,3,2199.0
2025-02-18,AquaBotella,3,1799.0
2025-02-18,Galletas,1,999.0
2025-02-18,CaféMolido,7,1499.0
2025-02-18,AquaBotella,6,999.0
2025-02-18,Yerba,5,2199.0
2025-02-18,Galletas,4,2199.0
2025-02-18,Yerba,7,2499.0
2025-02-18,AquaBotella,4,2199.0
2025-02-18,Jugo,2,1499.0
2025-02-18,Yerba,4,2199.0
2025-02-18,MatePack,1,1799.0
2025-02-18,AquaBotella,7,1499.0
2025-02-18,Jugo,1,2199.0
2025-02-18,Jugo,2,999.0
2025-02-18,MatePack,6,1799.0
2025-02-18,Galletas,5,2199.0
2025-02-19,MatePack,3,1499.0
2025-02-19,CaféMolido,4,1799.0
2025-02-19,CaféMolido,6,2199.0
2025-02-19,AquaBotella,7,2499.0
2025-02-19,Jugo,3,999.0
2025-02-19,CaféMolido,1,2199.0
2025-02-19,Jugo,4,1499.0
2025-02-19,CaféMolido,6,2499.0
2025-02-19,Yerba,7,1299.0
2025-02-19,CaféMolido,1,2199.0
2025-02-19,Jugo,2,1499.0
2025-02-19,CaféMolido,6,2499.0
2025-02-19,Jugo,4,1299.0
2025-02-19,Yerba,6,999.0
2025-02-19,CaféMolido,5,1799.0
2025-02-19,Jugo,7,1499.0
2025-02-19,MatePack,6,2499.0
2025-02-20,Yerba,1,2499.0
2025-02-20,Jugo,4,2199.0
2025-02-20,CaféMolido,1,1499.0
2025-02-20,CaféMolido,2,1299.0
2025-02-20,CaféMolido,7,1799.0
2025-02-20,MatePack,2,1299.0
2025-02-20,MatePack,1,1499.0
2025-02-20,AquaBotella,5,2199.0
2025-02-20,Jugo,5,999.0
2025-02-20,Jugo,3,2199.0
2025-02-20,MatePack,5,1799.0
2025-02-20,MatePack,2,1299.0
2025-02-20,Jugo,7,2199.0
2025-02-20,MatePack,6,1799.0
2025-02-20,AquaBotella,4,1499.0
2025-02-20,Jugo,6,1299.0
2025-02-20,Galletas,5,1499.0
2025-02-20,Jugo,7,1799.0
2025-02-21,Yerba,2,1499.0
2025-02-21,Galletas,7,1299.0
2025-02-21,CaféMolido,6,2199.0
2025-02-21,Galletas,4,1499.0
2025-02-21,Galletas,5,2199.0
2025-02-21,Galletas,2,1299.0
2025-02-21,Yerba,2,1499.0
2025-02-21,AquaBotella,6,1799.0
2025-02-21,CaféMolido,5,999.0
2025-02-21,Jugo,7,2199.0
2025-02-21,AquaBotella,3,999.0
2025-02-22,CaféMolido,4,2199.0
2025-02-22,MatePack,7,1799.0
2025-02-22,AquaBotella,2,1799.0
2025-02-22,CaféMolido,1,1799.0
2025-02-22,AquaBotella,4,2199.0
2025-02-22,CaféMolido,2,1799.0
2025-02-22,AquaBotella,3,1299.0
2025-02-22,AquaBotella,3,999.0
2025-02-22,Jugo,6,1499.0
2025-02-22,MatePack,2,999.0
2025-02-23,Galletas,6,1299.0
2025-02-23,Jugo,4,1799.0
2025-02-23,Yerba,1,999.0
2025-02-23,AquaBotella,3,1299.0
2025-02-23,MatePack,5,2499.0
2025-02-23,Yerba,5,1799.0
2025-02-23,AquaBotella,7,1499.0
2025-02-23,MatePack,3,999.0
2025-02-23,AquaBotella,2,1799.0
2025-02-23,Jugo,7,2199.0
2025-02-23,Galletas,1,999.0
2025-02-23,Galletas,5,2199.0
2025-02-24,Jugo,5,2199.0
2025-02-24,MatePack,6,1299.0
2025-02-24,CaféMolido,4,999.0
2025-02-24,Yerba,3,1299.0
2025-02-24,Yerba,4,1299.0
2025-02-24,Jugo,6,999.0
2025-02-24,Yerba,3,999.0
2025-02-24,Yerba,5,2199.0
2025-02-25,Yerba,1,1799.0
2025-02-25,Galletas,1,2499.0
2025-02-25,Galletas,3,1499.0
2025-02-25,Jugo,1,1499.0
2025-02-25,AquaBotella,3,1299.0
2025-02-25,Jugo,6,2499.0
2025-02-25,AquaBotella,7,2199.0
2025-02-25,Jugo,7,1499.0
2025-02-25,MatePack,1,1499.0
2025-02-25,Yerba,3,2499.0
2025-02-25,MatePack,7,2499.0
2025-02-25,Galletas,6,1799.0
2025-02-25,Jugo,2,1299.0
2025-02-25,AquaBotella,6,1799.0
2025-02-25,AquaBotella,3,1299.0
2025-02-25,AquaBotella,7,1299.0
2025-02-26,CaféMolido,3,2199.0
2025-02-26,Galletas,7,2199.0
2025-02-26,Galletas,3,999.0
2025-02-26,Jugo,2,1499.0
2025-02-26,CaféMolido,7,999.0
2025-02-26,Jugo,3,1499.0
2025-02-26,AquaBotella,7,1499.0
2025-02-26,Galletas,4,2499.0
2025-02-27,Galletas,3,1299.0
2025-02-27,Galletas,6,1799.0
2025-02-27,CaféMolido,7,2199.0
2025-02-27,CaféMolido,7,999.0
2025-02-27,Jugo,4,999.0
2025-02-27,Galletas,5,1299.0
2025-02-27,Yerba,3,1499.0
2025-02-27,AquaBotella,1,1499.0
2025-02-27,Jugo,3,1499.0
2025-02-27,Galletas,5,2499.0
2025-02-27,Galletas,2,2499.0
2025-02-27,Galletas,3,1799.0
2025-02-27,AquaBotella,6,1499.0
2025-02-27,Yerba,4,1499.0
2025-02-27,Jugo,7,999.0
2025-02-28,Jugo,6,1799.0
2025-02-28,CaféMolido,5,2499.0
2025-02-28,Jugo,2,999.0
2025-02-28,MatePack,7,2199.0
2025-02-28,Jugo,7,1799.0
2025-02-28,AquaBotella,2,999.0
2025-02-28,MatePack,7,2499.0
2025-02-28,CaféMolido,3,1799.0
2025-02-28,Yerba,1,2199.0
2025-03-01,Jugo,4,1499.0
2025-03-01,CaféMolido,4,999.0
2025-03-01,Yerba,2,2199.0
2025-03-01,CaféMolido,4,1499.0
2025-03-01,Jugo,3,1299.0
2025-03-01,AquaBotella,1,2499.0
2025-03-01,MatePack,4,2199.0
2025-03-01,Galletas,5,999.0
2025-03-01,CaféMolido,7,1499.0
2025-03-01,Jugo,4,1299.0
